create database BecomeRich;

use BecomeRich;

create table Questions(
Id int IDENTITY primary key,
Question varchar(2500),
A varchar(100),
B varchar(100),
C varchar(100),
D varchar(100),
Answear varchar(100),
CategoryId int,
constraint fk_qustion_category
foreign key (CategoryId)
references Category(Id),);

create table Category(
Id int IDENTITY primary key,
QuestionCategory int
);

--Създаване на таблица с име Countries
create table Countries(
Id int primary key identity, --колона Id тип цяло число, ключово поле, автоматично се увеличава при добавяне на нов запис
Name varchar(50) unique -- колона Name, тип текст с дължина 50, уникални стойности
);
go

--Създаване на таблица Towns
create table Towns(
Id int primary key identity,
Name varchar(50),
CountryId int not null,
constraint fk_towns_countries  --ограничение с име fk_towns_countries
foreign key (CountryId)   --външен ключ колона от текуща таблица CountryId
references Countries (Id) --връзка към таблица Countries, колона Id
);

create table Friend(
Id int IDENTITY primary key,
Name varchar(30),
Age int,
HomeTownId int,
constraint fk_friend_towns
foreign key (HomeTownId)
references Towns(Id));

create table Player(
Id int IDENTITY primary key,
Name varchar(30),
Age int,
HomeTownId int,
constraint fk_player_towns
foreign key (HomeTownId)
references Towns(Id),
FriendId int,
constraint fk_players_towns
foreign key (FriendId)
references Friend(Id));


--Добавяне на записи в таблица Countries
insert into Countries(name) values 
('Bulgaria'),
('Poland'),
('Italy'),
('France'),
('Turkey'),
('England'),
('USA'),
('Russia'),
('Greece'),
('Cyprus'),
('Romania'),
('Serbia'),
('Germany'),
('Austria'),
('Tanzania'),
('Spain'),
('Ethiopia'),
('Finland'),
('Fiji'),
('Falkland Islands'),
('Micronesia'),
('Faroe Islands');
go
--Добавяне на записи в таблица
insert into Towns (Name, CountryId) values
('Pleven', 1),
('Sofia',1),
('Plovdiv',1),
('Ruse',1),
('Velingrad',1),
('Pazardzhik',1),
('Burgas',1),
('Varna',1),
('Devin',1),
('Vidin',1),
('Turin',3),
('Rome',3),
('Milan',3),
('Venice',3),
('Berlin',13),
('Munich',13),
('Frankfurt',13),
('Salzburg',13),
('Drezden',13),
('Bremen',13),
('Dortmund',13),
('Chikago',7),
('Washington',7),
('Los Angeles',7),
('Las Vegas',7),
('Paris',4),
('Nice',4),
('Lyon',4),
('Toulouse',4),
('Strasbourg',4),
('Birmingham',6),
('Manchester',6),
('Ashford',6),
('Barnsley',6),
('Oxford',6),
('Cambridge',6),
('Nottingham',6),
('Reading',6),
('London',6);
go
insert into Category(QuestionCategory) values
(1),
(2),
(3);
go
insert into Questions(Question,A,B,C,D,Answear,CategoryId) values
('През коя година е създадена България?','A: 700','"B: 618','C: 681','D: 630','681',1),
('През коя година е създаден ФК "Левски"?','A: 1912','B: 1948','C: 1913','D: 1914','1914',1),
('Град София е столица на: ','A: България','B: Австрия','C: Шотландия','D: Хърватия','България',1),
('През коя година е освободена България от Турско робство?','A: 1788','B: 1887','C: 1878','D: 1787','1878',1),
('Кой е открил теорията на относителността?','A: Алберт Айнщайн','B: Никола Тесла','C: Леонардо Давинчи','D: Архимед','Алберт Айнщайн',1),
('Снимка на какво през януари стана най-харесваната в Инстаграм от създаването на социалната мрежа до тогава?','A: Манекенка' , 'B: Котенце' , 'C: Яйце' , 'D: Бебе' , 'Яйце' ,2),
('На кой континент се намира единствената точка, пресичана от Екватора, на която се задържа сняг?','A: Африка','B: Азия','C: Южна Америка' , 'D: Австралия' , 'Южна Америка' ,2),
('Ако колата ви е изминала 3233 километра, след колко км броячът отново ще покаже число с три еднакви цифри?','A: 70','B: 100','C: 120','D: 160' , '70',2),
('Отливка от чия посмъртна маска е висяла над леглото на Вапцаров и съпругата му Бойка?','A: Николай Лилиев','B: Тодор Александров','C: Пейо Яворов','D: Гоце Делчев','Пейо Яворов' ,3),
('Кой е единственият певец, с когото Майкъл Джексън прави дует в легендарния си албум " Трилър"?','A: Бой Джордж','B: Пол Маккартни','C: Мик Джагър','D: Стиви Уондър','Пол Маккартни' ,3),
('Колко е висок връх Мусала?','A: 2920','B: 1980','C: 2925','D: 2927','2925', 1),
('С всички тези букви започват имената на общо 64 града. Коя е първата буква в 32 от тях?','A: А','B: Б','C: В','D: Г','Б' ,2),
('Според последното преброяване от 2011г. в коя област живеят най-малко българи?','A: Ямбол','B: Видин','C: Търговище','D: Монтана', 'Видин' ,2),
('Къде се намират Седемте рилски езера?','A: Рила','B: Странджа','C: Пирин','D: Родопи','Рила' ,1),
('Как продължава поговорката "С един куршум два..."?','A: заека','B: бръмбъра','C: лебеда','D: глигана','заека', 1),
('В кой град се намира най-голямото летище в света?', 'А: София', 'B: Пловдив', 'C: Бургас' , 'D: Истанбул', 'Истанбул', 2),
('Приблизително колко е теглото на мозъка спрямо теглото на цялото ни тяло?', 'А: 2%', 'B: 7%' , 'C: 12%' , 'D: 17%', '2%' , 2),
('В кой филм на Тарантино главните герои носят имена на цветове?', 'A:"Джанго без окови"', 'B: "Криминале"', 'C: "Глутница кучета"', 'D: "Убий Били"', '"Глутница кучета"', 3),
('Според Хипократ съществуват четири основни типа човешки характери. Кой не е сред тях?', 'А: Сангвиничен', 'B: Меланхоличен', 'C: Флегматичен', 'D: Хипохондричен', 'Хипохондричен', 3),
('Как се нарича рядкото явление, при което проблясва светлина при изчезването на Слънцето над хоризонта?', 'А: Оранжев лъч', 'B: Син лъч', 'C: Зелен лъч', 'D: Бял лъч', 'Зелен лъч', 3),
('Как е заглавието на един от най-популярните коледни филми, в които действието се развива около забравено дете?', 'A: На тиймбилдинг с колеги', 'B: На вила с приятели', 'C: На село с родата', 'D: Сам вкъщи', 'Сам вкъщи', 1),
('С кое съществително няма да се образува смислена дума, ако добавим представката "под"?', 'А: дръжка', 'B: слон', 'C: полковник ', 'D: надница', 'надница', 1),
('На какъв уред е обичайно да се изпълнява упражнението "кофички"?', 'А: Велоегометър', 'B: Кростренажор', 'C: Успоредка', 'D: Скрипец', 'Успоредка', 2),
('Перхидролът се използва в някои реактивни раници, но по-често се употребява като:' , 'А: Моторно масло', 'B: Подправка' , 'C: Пълнеж за възглавници', 'D: Дезинфектант', 'Дезинфектант', 2),
('Какво му "сече" на  умния човек?' , 'A: Тестето', 'B: Пипето', 'C: Кукуто', 'D: Сабята', 'Пипето',1),
('Коя буква е добавена ръчно в решението за македонска азбука от 1945г., понеже е липсвала на пишещата машина?', 'А: J', 'B: Х', 'C: Ж', 'D: Ц', 'J', 2),
('В прощалното писмо Ботев се обръща към жена си Венета, дъщеря си Иванка и Димитър. Кой е Димитър?' , 'А: Доведеният му син' , ' B: Брат му' , ' С: Баща му' , ' D: Димитър Общи' , ' Доведеният му син', 3),
('Кой печели най-ценната индивидуална награда във футбола " Златна топка" за 2018?' , 'A: Лука Модрич' , 'B: Лионел Меси' , 'C: Хари Кейн' , 'D: Кристиано Роналдо' , 'Лука Модрич' ,3),
('Кои организми участват в произвеждането на хляб, виното и бирата?' , 'A: Амбели' , 'B: Акари' , 'C: Водарасли' , 'D: Дрожди' , 'Дрожди' ,2), 
('Кой от олимпийските богове е баща на героя Херакъл?',' A: Хермес ','B: Зевс',' С: Аполон','D: Арес' , 'Зевс' , 2),
('Как се казва биографичният филм, посветен на Фреди Мерикюри и групата" Куийн"?','A: " Тухла в стената"','B: "Бохемска рапсодия"','C: "Дете във времето "','D: "Дамата в черно"','"Бохемска рапсодия"' , 3),
('В приказката "Най-хубавото птиче" майката на лястовичето го обявява за най-хубавото и заради това то:' , ' A: Отлетяло на север' , 'B: Се изкъпало ' , 'C: Заспало на сянка' , 'D: Останало гладно' , ' Останало гладно' , 2), 
('След кой от филмите в които участва в Брад Пит е обявен за persona поп grata в Китай?' , 'A: Боен клуб ' , 'B: Седем години в Тибет' , 'C: Bавилон' , 'D: 12 години в робство' , 'Седем години в Тибет' , 3), 
('Как продължава надписът от фланелка на Кийт Ричардс "Кой по дяволите е ..."' , 'A: Джон Ленън' , 'B: Принц Чарлс' , 'C: Мик Джагър' , 'D:Исус Христос' , 'Мик Джагър' ,3 ); 
('В кое свое стихотворение Ботев пише: "ще умре един от нас – ил мъжът ти, ил аз"?','A: "Делба"', 'B: "Ней"', 'C: "На прощаване"','D: "В механата"','"Ней"', 3);

go
insert into Friend(Name,Age,HomeTownId) values
('Петър Петров',29,3),
('Георги Иванов',22,1),
('Асен Петров',25,2);
go
